subject;group_lst;qgis_name;filters;filedir;filename;wms_source;filetype;qmldir;qmlname;theme_inundatie_totaal;theme_klimaatsommen_inundatie_plas;theme_klimaatsommen_inundatie_overlast;theme_klimaatsommen_ruimtekaart;theme_klimaatsommen_landgebruik;theme_klimaatsommen_schade_totaal;theme_klimaatsommen_schade_plas;theme_klimaatsommen_schade_overlast;theme_klimaatsommen_schade_totaal_corr;theme_klimaatsommen_schade_plas_corr;theme_klimaatsommen_schade_overlast_corr
klimaatsommen;"[f""Klimaatsommen [{revisions['klimaatsommen']}]"", ""Resultaat klimaatsommen""]";ruimtekaart;;folder.threedi_results.climate_results[revisions['klimaatsommen']].output.path;ruimtekaart.shp;;vector;os.path.join(HHNK_THREEDI_PLUGIN_DIR,'qgis_interaction','styling', 'klimaatsommen');ruimtekaart.qml;;;;TRUE;;;;;;;
klimaatsommen;"[f""Klimaatsommen [{revisions['klimaatsommen']}]"", ""Resultaat klimaatsommen""]";peilgebieden;;folder.source_data.peilgebieden.path;peilgebieden.shp;;vector;os.path.join(HHNK_THREEDI_PLUGIN_DIR,'qgis_interaction','styling', 'klimaatsommen');peilgebieden.qml;;;;;;;;;;;
klimaatsommen;"[f""Klimaatsommen [{revisions['klimaatsommen']}]"", ""Resultaat klimaatsommen""]";geen_schade;;folder.source_data.peilgebieden.path;geen_schade.shp;;vector;os.path.join(HHNK_THREEDI_PLUGIN_DIR,'qgis_interaction','styling', 'klimaatsommen');geen_schade.qml;;;;;;;;;;;
klimaatsommen;"[f""Klimaatsommen [{revisions['klimaatsommen']}]"", ""Inundatievlakkenkaart""]";inundatievlak_T0010;;folder.threedi_results.climate_results[revisions['klimaatsommen']].output.path;inundatiediepte_T0010.tif;;raster;os.path.join(HHNK_THREEDI_PLUGIN_DIR,'qgis_interaction','styling', 'klimaatsommen');inundatiediepte_T0010.qml;TRUE;;;;;;;;;;
klimaatsommen;"[f""Klimaatsommen [{revisions['klimaatsommen']}]"", ""Inundatievlakkenkaart""]";inundatievlak_T0100;;folder.threedi_results.climate_results[revisions['klimaatsommen']].output.path;inundatiediepte_T0100.tif;;raster;os.path.join(HHNK_THREEDI_PLUGIN_DIR,'qgis_interaction','styling', 'klimaatsommen');inundatiediepte_T0100.qml;TRUE;;;;;;;;;;
klimaatsommen;"[f""Klimaatsommen [{revisions['klimaatsommen']}]"", ""Inundatievlakkenkaart""]";inundatievlak_T1000;;folder.threedi_results.climate_results[revisions['klimaatsommen']].output.path;inundatiediepte_T1000.tif;;raster;os.path.join(HHNK_THREEDI_PLUGIN_DIR,'qgis_interaction','styling', 'klimaatsommen');inundatiediepte_T1000.qml;TRUE;;;;;;;;;;
klimaatsommen;"[f""Klimaatsommen [{revisions['klimaatsommen']}]"", ""Inundatievlakkenkaart_plas""]";inundatievlak_T0010_plas;;folder.threedi_results.climate_results[revisions['klimaatsommen']].output.path;inundatiediepte_T0010_plas.tif;;raster;os.path.join(HHNK_THREEDI_PLUGIN_DIR,'qgis_interaction','styling', 'klimaatsommen');inundatiediepte_T0010.qml;;TRUE;;;;;;;;;
klimaatsommen;"[f""Klimaatsommen [{revisions['klimaatsommen']}]"", ""Inundatievlakkenkaart_plas""]";inundatievlak_T0100_plas;;folder.threedi_results.climate_results[revisions['klimaatsommen']].output.path;inundatiediepte_T0100_plas.tif;;raster;os.path.join(HHNK_THREEDI_PLUGIN_DIR,'qgis_interaction','styling', 'klimaatsommen');inundatiediepte_T0100.qml;;TRUE;;;;;;;;;
klimaatsommen;"[f""Klimaatsommen [{revisions['klimaatsommen']}]"", ""Inundatievlakkenkaart_plas""]";inundatievlak_T1000_plas;;folder.threedi_results.climate_results[revisions['klimaatsommen']].output.path;inundatiediepte_T1000_plas.tif;;raster;os.path.join(HHNK_THREEDI_PLUGIN_DIR,'qgis_interaction','styling', 'klimaatsommen');inundatiediepte_T1000.qml;;TRUE;;;;;;;;;
klimaatsommen;"[f""Klimaatsommen [{revisions['klimaatsommen']}]"", ""Inundatievlakkenkaart_overlast""]";inundatievlak_T0010_overlast;;folder.threedi_results.climate_results[revisions['klimaatsommen']].output.path;inundatiediepte_T0010_overlast.tif;;raster;os.path.join(HHNK_THREEDI_PLUGIN_DIR,'qgis_interaction','styling', 'klimaatsommen');inundatiediepte_T0010.qml;;;TRUE;;;;;;;;
klimaatsommen;"[f""Klimaatsommen [{revisions['klimaatsommen']}]"", ""Inundatievlakkenkaart_overlast""]";inundatievlak_T0100_overlast;;folder.threedi_results.climate_results[revisions['klimaatsommen']].output.path;inundatiediepte_T0100_overlast.tif;;raster;os.path.join(HHNK_THREEDI_PLUGIN_DIR,'qgis_interaction','styling', 'klimaatsommen');inundatiediepte_T0100.qml;;;TRUE;;;;;;;;
klimaatsommen;"[f""Klimaatsommen [{revisions['klimaatsommen']}]"", ""Inundatievlakkenkaart_overlast""]";inundatievlak_T1000_overlast;;folder.threedi_results.climate_results[revisions['klimaatsommen']].output.path;inundatiediepte_T1000_overlast.tif;;raster;os.path.join(HHNK_THREEDI_PLUGIN_DIR,'qgis_interaction','styling', 'klimaatsommen');inundatiediepte_T1000.qml;;;TRUE;;;;;;;;
klimaatsommen;"[f""Klimaatsommen [{revisions['klimaatsommen']}]"", ""Inundatiedieptekaart""]";inundatiediepte_T0010;;folder.threedi_results.climate_results[revisions['klimaatsommen']].output.path;inundatiediepte_T0010.tif;;raster;os.path.join(HHNK_THREEDI_PLUGIN_DIR,'qgis_interaction','styling', 'klimaatsommen');inundatiediepte_T0010.qml;;;;;;;;;;;
klimaatsommen;"[f""Klimaatsommen [{revisions['klimaatsommen']}]"", ""Inundatiedieptekaart""]";inundatiediepte_T0100;;folder.threedi_results.climate_results[revisions['klimaatsommen']].output.path;inundatiediepte_T0100.tif;;raster;os.path.join(HHNK_THREEDI_PLUGIN_DIR,'qgis_interaction','styling', 'klimaatsommen');inundatiediepte_T0100.qml;;;;;;;;;;;
klimaatsommen;"[f""Klimaatsommen [{revisions['klimaatsommen']}]"", ""Inundatiedieptekaart""]";inundatiediepte_T1000;;folder.threedi_results.climate_results[revisions['klimaatsommen']].output.path;inundatiediepte_T1000.tif;;raster;os.path.join(HHNK_THREEDI_PLUGIN_DIR,'qgis_interaction','styling', 'klimaatsommen');inundatiediepte_T1000.qml;;;;;;;;;;;
klimaatsommen;"[f""Klimaatsommen [{revisions['klimaatsommen']}]"", ""Inundatiedieptekaart_plas""]";inundatiediepte_T0010_plas;;folder.threedi_results.climate_results[revisions['klimaatsommen']].output.path;inundatiediepte_T0010_plas.tif;;raster;os.path.join(HHNK_THREEDI_PLUGIN_DIR,'qgis_interaction','styling', 'klimaatsommen');inundatiediepte_T0010_plas.qml;;;;;;;;;;;
klimaatsommen;"[f""Klimaatsommen [{revisions['klimaatsommen']}]"", ""Inundatiedieptekaart_plas""]";inundatiediepte_T0100_plas;;folder.threedi_results.climate_results[revisions['klimaatsommen']].output.path;inundatiediepte_T0100_plas.tif;;raster;os.path.join(HHNK_THREEDI_PLUGIN_DIR,'qgis_interaction','styling', 'klimaatsommen');inundatiediepte_T0100_plas.qml;;;;;;;;;;;
klimaatsommen;"[f""Klimaatsommen [{revisions['klimaatsommen']}]"", ""Inundatiedieptekaart_plas""]";inundatiediepte_T1000_plas;;folder.threedi_results.climate_results[revisions['klimaatsommen']].output.path;inundatiediepte_T1000_plas.tif;;raster;os.path.join(HHNK_THREEDI_PLUGIN_DIR,'qgis_interaction','styling', 'klimaatsommen');inundatiediepte_T1000_plas.qml;;;;;;;;;;;
klimaatsommen;"[f""Klimaatsommen [{revisions['klimaatsommen']}]"", ""Inundatiedieptekaart_overlast""]";inundatiediepte_T0010_overlast;;folder.threedi_results.climate_results[revisions['klimaatsommen']].output.path;inundatiediepte_T0010_overlast.tif;;raster;os.path.join(HHNK_THREEDI_PLUGIN_DIR,'qgis_interaction','styling', 'klimaatsommen');inundatiediepte_T0010_overlast.qml;;;;;;;;;;;
klimaatsommen;"[f""Klimaatsommen [{revisions['klimaatsommen']}]"", ""Inundatiedieptekaart_overlast""]";inundatiediepte_T0100_overlast;;folder.threedi_results.climate_results[revisions['klimaatsommen']].output.path;inundatiediepte_T0100_overlast.tif;;raster;os.path.join(HHNK_THREEDI_PLUGIN_DIR,'qgis_interaction','styling', 'klimaatsommen');inundatiediepte_T0100_overlast.qml;;;;;;;;;;;
klimaatsommen;"[f""Klimaatsommen [{revisions['klimaatsommen']}]"", ""Inundatiedieptekaart_overlast""]";inundatiediepte_T1000_overlast;;folder.threedi_results.climate_results[revisions['klimaatsommen']].output.path;inundatiediepte_T1000_overlast.tif;;raster;os.path.join(HHNK_THREEDI_PLUGIN_DIR,'qgis_interaction','styling', 'klimaatsommen');inundatiediepte_T1000_overlast.qml;;;;;;;;;;;
klimaatsommen;"[f""Klimaatsommen [{revisions['klimaatsommen']}]"", ""Schadekaarten""]";schade_per_peilgebied;;folder.threedi_results.climate_results[revisions['klimaatsommen']].output.path;schade_per_peilgebied.shp;;vector;os.path.join(HHNK_THREEDI_PLUGIN_DIR,'qgis_interaction','styling', 'klimaatsommen');schade_per_peilgebied.qml;;;;;;TRUE;;;;;
klimaatsommen;"[f""Klimaatsommen [{revisions['klimaatsommen']}]"", ""Schadekaarten""]";schade_per_peilgebied_plas;;folder.threedi_results.climate_results[revisions['klimaatsommen']].output.path;schade_per_peilgebied.shp;;vector;os.path.join(HHNK_THREEDI_PLUGIN_DIR,'qgis_interaction','styling', 'klimaatsommen');schade_per_peilgebied_plas.qml;;;;;;;TRUE;;;;
klimaatsommen;"[f""Klimaatsommen [{revisions['klimaatsommen']}]"", ""Schadekaarten""]";schade_per_peilgebied_overlast;;folder.threedi_results.climate_results[revisions['klimaatsommen']].output.path;schade_per_peilgebied.shp;;vector;os.path.join(HHNK_THREEDI_PLUGIN_DIR,'qgis_interaction','styling', 'klimaatsommen');schade_per_peilgebied_overlast.qml;;;;;;;;TRUE;;;
klimaatsommen;"[f""Klimaatsommen [{revisions['klimaatsommen']}]"", ""Schadekaarten""]";cw_schade_overlast;;folder.threedi_results.climate_results[revisions['klimaatsommen']].output.path;cw_schade_overlast.tif;;raster;os.path.join(HHNK_THREEDI_PLUGIN_DIR,'qgis_interaction','styling', 'klimaatsommen');cw_schade_overlast.qml;;;;;;TRUE;;TRUE;;;
klimaatsommen;"[f""Klimaatsommen [{revisions['klimaatsommen']}]"", ""Schadekaarten""]";cw_schade_plas;;folder.threedi_results.climate_results[revisions['klimaatsommen']].output.path;cw_schade_plas.tif;;raster;os.path.join(HHNK_THREEDI_PLUGIN_DIR,'qgis_interaction','styling', 'klimaatsommen');cw_schade_plas.qml;;;;;;TRUE;TRUE;;;;
klimaatsommen;"[f""Klimaatsommen [{revisions['klimaatsommen']}]"", ""Schade correctie""]";schade_per_peilgebied_correctie;;folder.threedi_results.climate_results[revisions['klimaatsommen']].output.path;schade_per_peilgebied_correctie.shp;;vector;os.path.join(HHNK_THREEDI_PLUGIN_DIR,'qgis_interaction','styling', 'klimaatsommen');schade_per_peilgebied_correctie.qml;;;;;;;;;TRUE;;
klimaatsommen;"[f""Klimaatsommen [{revisions['klimaatsommen']}]"", ""Schade correctie""]";schade_per_peilgebied_plas_correctie;;folder.threedi_results.climate_results[revisions['klimaatsommen']].output.path;schade_per_peilgebied_correctie.shp;;vector;os.path.join(HHNK_THREEDI_PLUGIN_DIR,'qgis_interaction','styling', 'klimaatsommen');schade_per_peilgebied_plas_correctie.qml;;;;;;;;;;TRUE;
klimaatsommen;"[f""Klimaatsommen [{revisions['klimaatsommen']}]"", ""Schade correctie""]";schade_per_peilgebied_overlast_correctie;;folder.threedi_results.climate_results[revisions['klimaatsommen']].output.path;schade_per_peilgebied_correctie.shp;;vector;os.path.join(HHNK_THREEDI_PLUGIN_DIR,'qgis_interaction','styling', 'klimaatsommen');schade_per_peilgebied_overlast_correctie.qml;;;;;;;;;;;TRUE
klimaatsommen;"[f""Klimaatsommen [{revisions['klimaatsommen']}]"", ""Schade correctie""]";cw_schade_overlast_correctie;;folder.threedi_results.climate_results[revisions['klimaatsommen']].output.path;cw_schade_overlast_correctie.tif;;raster;os.path.join(HHNK_THREEDI_PLUGIN_DIR,'qgis_interaction','styling', 'klimaatsommen');cw_schade_overlast_correctie.qml;;;;;;;;;TRUE;;TRUE
klimaatsommen;"[f""Klimaatsommen [{revisions['klimaatsommen']}]"", ""Schade correctie""]";cw_schade_plas_correctie;;folder.threedi_results.climate_results[revisions['klimaatsommen']].output.path;cw_schade_plas_correctie.tif;;raster;os.path.join(HHNK_THREEDI_PLUGIN_DIR,'qgis_interaction','styling', 'klimaatsommen');cw_schade_plas_correctie.qml;;;;;;;;;TRUE;TRUE;
