subject;group_lst;qgis_name;filters;filedir;filename;wms_source;filetype;qmldir;qmlname;"""theme_0d1d - Kaart 1: Debiet""";theme_0d1d - Kaart 2: Uitzakken initieel peil;theme_0d1d - Kaart 3: Streefpeilhandhaving;theme_0d1d - Kaart 4: Verhang en opstuwing;theme_0d1d - Kaart 5: Stabiele waterstandsverhoging einde regen;theme_0d1d - Kaart 6: Herstel streefpeil;"""theme_1d2d - Kaart 1: Bank level test""";theme_1d2d - Kaart 2: Debiet;theme_1d2d - Kaart 3: Waterdiepte;theme_DAMO;theme_DAMO Live verbinding;theme_DEM;theme_Datachecker: Data niet in model;theme_Lege Kaart;theme_Modelbuilder check;theme_SQLite test: Drooglegging;theme_SQLite test: Verschil oppervlaktewater;theme_Testprotocol1d2d - Kaart 1: Stroming over peilgrens;theme_Inundatie totaal;theme_Klimaatsommen - Kaart 1: Inundatie plas;theme_Klimaatsommen - Kaart 2: Inundatie overlast;theme_Klimaatsommen - Kaart 3: Ruimtekaart;theme_Klimaatsommen - Kaart 4: Landgebruik;theme_Klimaatsommen - Kaart 5: Schade totaal;theme_Klimaatsommen - Kaart 6: Schade plas;theme_Klimaatsommen - Kaart 7: Schade overlast;theme Klimaatsommen - Kaart 8: Schade totaal corr;theme_Klimaatsommen - Kaart 9: Schade plas corr;theme_Klimaatsommen - Kaart 10: Schade overlast corr
test_protocol;['Opmerkingen'];Opmerkingen;;folder.source_data.wsa_output_administratie.path;opmerkingen.shp;;vector;os.path.join(HHNK_THREEDI_PLUGIN_DIR,'qgis_interaction','styling', 'test_protocol_v21');opmerkingen.qml;;;;;;;;;;;;;;;;;;;;;;;;;;;;;
test_protocol;['Datachecker output','Kunstwerken niet in model'];Watergang: channel loose;layername=channel_loose;folder.source_data.path;datachecker_output.gdb;;vector;os.path.join(HHNK_THREEDI_PLUGIN_DIR,'qgis_interaction','styling', 'test_protocol_v21');watergang_channel_loose.qml;;;;;;;;;;;;;True;;;;;;;;;;;;;;;;
test_protocol;['Datachecker output','Kunstwerken niet in model'];Watergang: channel nowayout;layername=channel_nowayout;folder.source_data.path;datachecker_output.gdb;;vector;os.path.join(HHNK_THREEDI_PLUGIN_DIR,'qgis_interaction','styling', 'test_protocol_v21');watergang_channel_nowayout.qml;;;;;;;;;;;;;True;;;;;;;;;;;;;;;;
test_protocol;['Datachecker output','Kunstwerken niet in model'];Duikers niet in model;"layername=culvert|subset=""isusable"" = '0'";folder.source_data.path;datachecker_output.gdb;;vector;os.path.join(HHNK_THREEDI_PLUGIN_DIR,'qgis_interaction','styling', 'test_protocol_v21');duikers_niet_in_model.qml;;;;;;;;;;;;;True;;;;;;;;;;;;;;;;
test_protocol;['Datachecker output','Kunstwerken niet in model'];Stuwen niet in model;"layername=weirs|subset=""isusable"" = '0'";folder.source_data.path;datachecker_output.gdb;;vector;os.path.join(HHNK_THREEDI_PLUGIN_DIR,'qgis_interaction','styling', 'test_protocol_v21');stuwen_niet_in_model.qml;;;;;;;;;;;;;True;;;;;;;;;;;;;;;;
test_protocol;['Datachecker output','Kunstwerken niet in model'];Bruggen niet in model;"layername=bridge|subset=""isusable"" = '0'";folder.source_data.path;datachecker_output.gdb;;vector;os.path.join(HHNK_THREEDI_PLUGIN_DIR,'qgis_interaction','styling', 'test_protocol_v21');bruggen_niet_in_model.qml;;;;;;;;;;;;;True;;;;;;;;;;;;;;;;
test_protocol;['Datachecker output','Kunstwerken niet in model'];Vaste dammen niet in model;"layername=fixed_dam|subset=""isusable"" = '0'";folder.source_data.path;datachecker_output.gdb;;vector;os.path.join(HHNK_THREEDI_PLUGIN_DIR,'qgis_interaction','styling', 'test_protocol_v21');vaste_dammen_niet_in_model.qml;;;;;;;;;;;;;True;;;;;;;;;;;;;;;;
test_protocol;['Datachecker output','Kunstwerken niet in model'];Gemaal niet in model;"layername=pumpstation|subset=""isusable"" = '0'";folder.source_data.path;datachecker_output.gdb;;vector;os.path.join(HHNK_THREEDI_PLUGIN_DIR,'qgis_interaction','styling', 'test_protocol_v21');gemaal_niet_in_model.qml;;;;;;;;;;;;;True;;;;;;;;;;;;;;;;
test_protocol;['Datachecker output','Kunstwerken niet in model'];KZK;layername=kruising_zonder_kunstwerk;folder.source_data.path;datachecker_output.gdb;;vector;os.path.join(HHNK_THREEDI_PLUGIN_DIR,'qgis_interaction','styling', 'test_protocol_v21');kzk.qml;;;;;;;;;;;;;True;;;;;;;;;;;;;;;;
test_protocol;['Datachecker output','Kunstwerken niet in model'];Gemeten niet in model;"layername=crosssection|subset=""isusable"" = '0'";folder.source_data.path;datachecker_output.gdb;;vector;os.path.join(HHNK_THREEDI_PLUGIN_DIR,'qgis_interaction','styling', 'test_protocol_v21');gemeten_niet_in_model.qml;;;;;;;;;;;;;True;;;;;;;;;;;;;;;;
test_protocol;['Datachecker output','Kunstwerken met aannames'];Duiker aanname: doorstroomafmeting;"layername=culvert|subset=""aanname"" LIKE ('%width,width%')";folder.source_data.path;datachecker_output.gdb;;vector;os.path.join(HHNK_THREEDI_PLUGIN_DIR,'qgis_interaction','styling', 'test_protocol_v21');duiker_aanname_doorstroomafmeting.qml;;;;;;;;;;;;;;;;;;;;;;;;;;;;;
test_protocol;['Datachecker output','Kunstwerken met aannames'];Duiker aanname: bob;"layername=culvert|subset=""aanname"" LIKE ('%bed_level_up%')";folder.source_data.path;datachecker_output.gdb;;vector;os.path.join(HHNK_THREEDI_PLUGIN_DIR,'qgis_interaction','styling', 'test_protocol_v21');duiker_aanname_bob.qml;;;;;;;;;;;;;;;;;;;;;;;;;;;;;
test_protocol;['Datachecker output','Kunstwerken met aannames'];Levee: 30 cm boven max peil;layername=levee;folder.source_data.path;datachecker_output.gdb;;vector;os.path.join(HHNK_THREEDI_PLUGIN_DIR,'qgis_interaction','styling', 'test_protocol_v21');levee_30_cm_boven_max_peil.qml;;;;;;;;;;;;;;;;;;;;;;;;;;;;;
test_protocol;['Datachecker output','Kunstwerken met aannames'];Stuw aanname: breedte;"layername=weirs|subset=""aanname"" LIKE ('%crest_width%')";folder.source_data.path;datachecker_output.gdb;;vector;os.path.join(HHNK_THREEDI_PLUGIN_DIR,'qgis_interaction','styling', 'test_protocol_v21');stuw_aanname_breedte.qml;;;;;;;;;;;;;;;;;;;;;;;;;;;;;
test_protocol;['Datachecker output','Kunstwerken met aannames'];Peilgebied aanname: streefpeil;"layername=fixeddrainagelevelarea|subset=""streefpeil_bwn2"" = -10'";folder.source_data.path;datachecker_output.gdb;;vector;os.path.join(HHNK_THREEDI_PLUGIN_DIR,'qgis_interaction','styling', 'test_protocol_v21');peilgebied_aanname_streefpeil.qml;;;;;;;;;;True;;;;;;;;;;;;;;;;;;;
test_protocol;['Datachecker output','Kunstwerken'];datachecker_output channel;layername=channel;folder.source_data.path;datachecker_output.gdb;;vector;os.path.join(HHNK_THREEDI_PLUGIN_DIR,'qgis_interaction','styling', 'test_protocol_v21');datachecker_output_channel.qml;;;;;;;;;;;;;;;;;;;;;;;;;;;;;
test_protocol;['Datachecker output','Kunstwerken'];Stuwen wel in model;"layername=weirs|subset=""isusable"" = '1'";folder.source_data.path;datachecker_output.gdb;;vector;os.path.join(HHNK_THREEDI_PLUGIN_DIR,'qgis_interaction','styling', 'test_protocol_v21');stuwen_wel_in_model.qml;;;;;;;;;;;;;;;;;;;;;;;;;;;;;
test_protocol;['Datachecker output','Kunstwerken'];Duikers wel in model;"layername=culvert|subset=""isusable"" = '1'";folder.source_data.path;datachecker_output.gdb;;vector;os.path.join(HHNK_THREEDI_PLUGIN_DIR,'qgis_interaction','styling', 'test_protocol_v21');duikers_wel_in_model.qml;;;;;;;;;;;;;;;;;;;;;;;;;;;;;
test_protocol;['Datachecker output','Kunstwerken'];Bruggen wel in model;"layername=bridge|subset=""isusable"" = '1'";folder.source_data.path;datachecker_output.gdb;;vector;os.path.join(HHNK_THREEDI_PLUGIN_DIR,'qgis_interaction','styling', 'test_protocol_v21');bruggen_wel_in_model.qml;;;;;;;;;;;;;;;;;;;;;;;;;;;;;
test_protocol;['Datachecker output','Kunstwerken'];Vaste dammen wel in model;"layername=fixed_dam|subset=""isusable"" = '1'";folder.source_data.path;datachecker_output.gdb;;vector;os.path.join(HHNK_THREEDI_PLUGIN_DIR,'qgis_interaction','styling', 'test_protocol_v21');vaste_dammen_wel_in_model.qml;;;;;;;;;;;;;;;;;;;;;;;;;;;;;
test_protocol;['Datachecker output','Kunstwerken'];Gemaal wel in model;"layername=pumpstation|subset=""isusable"" = '1'";folder.source_data.path;datachecker_output.gdb;;vector;os.path.join(HHNK_THREEDI_PLUGIN_DIR,'qgis_interaction','styling', 'test_protocol_v21');gemaal_wel_in_model.qml;;;;;;;;;;;;;;;;;;;;;;;;;;;;;
test_protocol;['Modelbuilder feedback'];misfit_lines;;folder.source_data.modelbuilder.path;misfit_lines.shp;;vector;os.path.join(HHNK_THREEDI_PLUGIN_DIR,'qgis_interaction','styling', 'test_protocol_v21');misfit_lines.qml;;;;;;;;;;;;;;;True;;;;;;;;;;;;;;
test_protocol;['Modelbuilder feedback'];misfit_points;;folder.source_data.modelbuilder.path;misfit_points.shp;;vector;os.path.join(HHNK_THREEDI_PLUGIN_DIR,'qgis_interaction','styling', 'test_protocol_v21');misfit_points.qml;;;;;;;;;;;;;;;True;;;;;;;;;;;;;;
test_protocol;['Modelbuilder feedback'];Model feedback ter info;"layerid=0|subset=""message"" IN ('Channel segment too short (<5m)','Reference level lowered due to culvert','Reference level lowered due to orifice','culvert ending connection node receives 10m2 storage','weir ending connection node receives 10m2 storage','connection node was removed because it was not connected')";folder.source_data.modelbuilder.path;model_feedback.shp;;vector;os.path.join(HHNK_THREEDI_PLUGIN_DIR,'qgis_interaction','styling', 'test_protocol_v21');model_feedback_ter_info.qml;;;;;;;;;;;;;;;True;;;;;;;;;;;;;;
test_protocol;['Modelbuilder feedback'];Model feedback naar kijken;"layerid=0|subset=""message"" NOT IN ('Channel segment too short (<5m)','Reference level lowered due to culvert','Reference level lowered due to orifice','culvert ending connection node receives 10m2 storage','weir ending connection node receives 10m2 storage','connection node was removed because it was not connected')";folder.source_data.modelbuilder.path;model_feedback.shp;;vector;os.path.join(HHNK_THREEDI_PLUGIN_DIR,'qgis_interaction','styling', 'test_protocol_v21');model_feedback_naar_kijken.qml;;;;;;;;;;;;;;;True;;;;;;;;;;;;;;
test_protocol;['Modelbuilder feedback'];Model feedback ernstig;"layerid=0|subset=""level"" NOT IN ('INFO', 'WARNING')";folder.source_data.modelbuilder.path;model_feedback.shp;;vector;os.path.join(HHNK_THREEDI_PLUGIN_DIR,'qgis_interaction','styling', 'test_protocol_v21');model_feedback_ernstig.qml;;;;;;;;;;;;;;;True;;;;;;;;;;;;;;
test_protocol;['HDB export'];HDB duikers op peilgrens;layername=duikers_op_peilgrens;folder.source_data.path;HDB.gdb;;vector;os.path.join(HHNK_THREEDI_PLUGIN_DIR,'qgis_interaction','styling', 'test_protocol_v21');hdb_duikers_op_peilgrens.qml;;;;;;;;;;;;;;;;;;;;;;;;;;;;;
test_protocol;['HDB export'];HDB stuwen op peilgrens;layername=stuwen_op_peilgrens;folder.source_data.path;HDB.gdb;;vector;os.path.join(HHNK_THREEDI_PLUGIN_DIR,'qgis_interaction','styling', 'test_protocol_v21');hdb_stuwen_op_peilgrens.qml;;;;;;;;;;;;;;;;;;;;;;;;;;;;;
test_protocol;['HDB export'];HDB gemalen op peilgrens;layername=gemalen_op_peilgrens;folder.source_data.path;HDB.gdb;;vector;os.path.join(HHNK_THREEDI_PLUGIN_DIR,'qgis_interaction','styling', 'test_protocol_v21');hdb_gemalen_op_peilgrens.qml;;;;;;;;;;;;;;;;;;;;;;;;;;;;;
test_protocol;['HDB export'];HDB Levee_overstromingsmodel;layername=Levee_overstromingsmodel;folder.source_data.path;HDB.gdb;;vector;os.path.join(HHNK_THREEDI_PLUGIN_DIR,'qgis_interaction','styling', 'test_protocol_v21');hdb_levee_overstromingsmodel.qml;;;;;;;;;;;;;;;;;;;;;;;;;;;;;
test_protocol;['DAMO export'];Stuw;layername=Stuw;folder.source_data.path;DAMO.gdb;;vector;os.path.join(HHNK_THREEDI_PLUGIN_DIR,'qgis_interaction','styling', 'test_protocol_v21');stuw.qml;;True;True;True;True;True;;True;True;True;;;;;;;;;;;;;;;;;;;
test_protocol;['DAMO export'];Stuw, automatisch (HDB);layername=Sturing_3Di;folder.source_data.path;HDB.gdb;;vector;os.path.join(HHNK_THREEDI_PLUGIN_DIR,'qgis_interaction','styling', 'test_protocol_v21');stuw,_automatisch_(hdb).qml;;;;;;;;;;True;;;;;;;;;;;;;;;;;;;
test_protocol;['DAMO export'];Brug;layername=Brug;folder.source_data.path;DAMO.gdb;;vector;os.path.join(HHNK_THREEDI_PLUGIN_DIR,'qgis_interaction','styling', 'test_protocol_v21');brug.qml;;;;True;;True;;;;True;;;;;;;;;;;;;;;;;;;
test_protocol;['DAMO export'];Gemaal;layername=Gemaal;folder.source_data.path;DAMO.gdb;;vector;os.path.join(HHNK_THREEDI_PLUGIN_DIR,'qgis_interaction','styling', 'test_protocol_v21');gemaal.qml;;True;True;True;True;True;;True;True;True;;;;;;;;;;;;;;;;;;;
test_protocol;['DAMO export'];Aquaduct;layername=AquaductLijn;folder.source_data.path;DAMO.gdb;;vector;os.path.join(HHNK_THREEDI_PLUGIN_DIR,'qgis_interaction','styling', 'test_protocol_v21');aquaduct.qml;;;;;;;;;;True;;;;;;;;;;;;;;;;;;;
test_protocol;['DAMO export'];VasteDam;layername=VasteDam;folder.source_data.path;DAMO.gdb;;vector;os.path.join(HHNK_THREEDI_PLUGIN_DIR,'qgis_interaction','styling', 'test_protocol_v21');vastedam.qml;;;;;;;;;;True;;;;;;;;;;;;;;;;;;;
test_protocol;['DAMO export'];Vispassage;layername=Vispassage;folder.source_data.path;DAMO.gdb;;vector;os.path.join(HHNK_THREEDI_PLUGIN_DIR,'qgis_interaction','styling', 'test_protocol_v21');vispassage.qml;;;;;;;;;;;;;;;;;;;;;;;;;;;;;
test_protocol;['DAMO export'];Sluis;layername=Sluis;folder.source_data.path;DAMO.gdb;;vector;os.path.join(HHNK_THREEDI_PLUGIN_DIR,'qgis_interaction','styling', 'test_protocol_v21');sluis.qml;;;True;True;;True;;;;True;;;;;;;;;;;;;;;;;;;
test_protocol;['DAMO export'];DAMO GW_PRO;layername=GW_PRO;folder.source_data.path;DAMO.gdb;;vector;os.path.join(HHNK_THREEDI_PLUGIN_DIR,'qgis_interaction','styling', 'test_protocol_v21');damo_gw_pro.qml;;;;;;;;;;True;;;;;;;;;;;;;;;;;;;
test_protocol;['DAMO export'];datachecker crosssection;layername=crosssection;folder.source_data.path;datachecker_output.gdb;;vector;os.path.join(HHNK_THREEDI_PLUGIN_DIR,'qgis_interaction','styling', 'test_protocol_v21');datachecker_crosssection.qml;;;;;;;;;;True;;;;;;;;;;;;;;;;;;;
test_protocol;['DAMO export'];Waterlopen;layername=HydroObject;folder.source_data.path;DAMO.gdb;;vector;os.path.join(HHNK_THREEDI_PLUGIN_DIR,'qgis_interaction','styling', 'test_protocol_v21');waterlopen.qml;True;True;True;;True;True;;;;True;;;;True;;;;;;;;;;;;;;;
test_protocol;['DAMO huidig (WMS - HHNK)'];Stuw;;;;crs='EPSG:28992' layer='28' url='https://maps.hhnk.nl/arcgis/rest/services/ws/geoweb_ws_kunstwerken_en_inrichtingselementen/MapServer';arcgismapserver;os.path.join(HHNK_THREEDI_PLUGIN_DIR,'qgis_interaction','styling', 'test_protocol_v21');stuw.qml;;;;;;;;;;;True;;;;;;;;;;;;;;;;;;
test_protocol;['DAMO huidig (WMS - HHNK)'];Brug;;;;crs='EPSG:28992' layer='12' url='https://maps.hhnk.nl/arcgis/rest/services/ws/geoweb_ws_kunstwerken_en_inrichtingselementen/MapServer';arcgismapserver;os.path.join(HHNK_THREEDI_PLUGIN_DIR,'qgis_interaction','styling', 'test_protocol_v21');brug.qml;;;;;;;;;;;True;;;;;;;;;;;;;;;;;;
test_protocol;['DAMO huidig (WMS - HHNK)'];Gemaal;;;;crs='EPSG:28992' layer='1' url='https://maps.hhnk.nl/arcgis/rest/services/ws/geoweb_ws_kunstwerken_en_inrichtingselementen/MapServer';arcgismapserver;os.path.join(HHNK_THREEDI_PLUGIN_DIR,'qgis_interaction','styling', 'test_protocol_v21');gemaal.qml;;;;;;;;;;;True;;;;;;;;;;;;;;;;;;
test_protocol;['DAMO huidig (WMS - HHNK)'];Gemaal peilafwijking;;;;crs='EPSG:28992' layer='2' url='https://maps.hhnk.nl/arcgis/rest/services/ws/geoweb_ws_kunstwerken_en_inrichtingselementen/MapServer';arcgismapserver;os.path.join(HHNK_THREEDI_PLUGIN_DIR,'qgis_interaction','styling', 'test_protocol_v21');gemaal_peilafwijking.qml;;;;;;;;;;;True;;;;;;;;;;;;;;;;;;
test_protocol;['DAMO huidig (WMS - HHNK)'];Duiker syphon hevel;;;;crs='EPSG:28992' layer='9' url='https://maps.hhnk.nl/arcgis/rest/services/ws/geoweb_ws_kunstwerken_en_inrichtingselementen/MapServer';arcgismapserver;os.path.join(HHNK_THREEDI_PLUGIN_DIR,'qgis_interaction','styling', 'test_protocol_v21');duiker_syphon_hevel.qml;;;;;;;;;;;;;;;;;;;;;;;;;;;;;
test_protocol;['DAMO huidig (WMS - HHNK)'];Duiker, syphon, hevel (lijn);;;;crs='EPSG:28992' layer='10' url='https://maps.hhnk.nl/arcgis/rest/services/ws/geoweb_ws_kunstwerken_en_inrichtingselementen/MapServer';arcgismapserver;os.path.join(HHNK_THREEDI_PLUGIN_DIR,'qgis_interaction','styling', 'test_protocol_v21');duiker,_syphon,_hevel_(lijn).qml;;;;;;;;;;;True;;;;;;;;;;;;;;;;;;
test_protocol;['DAMO huidig (WMS - HHNK)'];Aquaduct lijn;;;;crs='EPSG:28992' layer='6' url='https://maps.hhnk.nl/arcgis/rest/services/ws/geoweb_ws_kunstwerken_en_inrichtingselementen/MapServer';arcgismapserver;os.path.join(HHNK_THREEDI_PLUGIN_DIR,'qgis_interaction','styling', 'test_protocol_v21');aquaduct_lijn.qml;;;;;;;;;;;True;;;;;;;;;;;;;;;;;;
test_protocol;['DAMO huidig (WMS - HHNK)'];Aquaduct punt;;;;crs='EPSG:28992' layer='5' url='https://maps.hhnk.nl/arcgis/rest/services/ws/geoweb_ws_kunstwerken_en_inrichtingselementen/MapServer';arcgismapserver;os.path.join(HHNK_THREEDI_PLUGIN_DIR,'qgis_interaction','styling', 'test_protocol_v21');aquaduct_punt.qml;;;;;;;;;;;;;;;;;;;;;;;;;;;;;
test_protocol;['DAMO huidig (WMS - HHNK)'];Dam;;;;crs='EPSG:28992' layer='11' url='https://maps.hhnk.nl/arcgis/rest/services/ws/geoweb_ws_kunstwerken_en_inrichtingselementen/MapServer';arcgismapserver;os.path.join(HHNK_THREEDI_PLUGIN_DIR,'qgis_interaction','styling', 'test_protocol_v21');dam.qml;;;;;;;;;;;True;;;;;;;;;;;;;;;;;;
test_protocol;['DAMO huidig (WMS - HHNK)'];Vispassage;;;;crs='EPSG:28992' layer='15' url='https://maps.hhnk.nl/arcgis/rest/services/ws/geoweb_ws_kunstwerken_en_inrichtingselementen/MapServer';arcgismapserver;os.path.join(HHNK_THREEDI_PLUGIN_DIR,'qgis_interaction','styling', 'test_protocol_v21');vispassage.qml;;;;;;;;;;;True;;;;;;;;;;;;;;;;;;
test_protocol;['DAMO huidig (WMS - HHNK)'];Sluis;;;;crs='EPSG:28992' layer='3' url='https://maps.hhnk.nl/arcgis/rest/services/ws/geoweb_ws_kunstwerken_en_inrichtingselementen/MapServer';arcgismapserver;os.path.join(HHNK_THREEDI_PLUGIN_DIR,'qgis_interaction','styling', 'test_protocol_v21');sluis.qml;;;;;;;;;;True;True;;;;;;;;;;;;;;;;;;
test_protocol;['DAMO huidig (WMS - HHNK)'];Boezem;;;;crs='EPSG:28992' layer='0' url='https://maps.hhnk.nl/arcgis/rest/services/ws/geoweb_ws_oppervlaktewateren/MapServer';arcgismapserver;os.path.join(HHNK_THREEDI_PLUGIN_DIR,'qgis_interaction','styling', 'test_protocol_v21');boezem.qml;;;;;;;;;;;True;;;;;;;;;;;;;;;;;;
test_protocol;['DAMO huidig (WMS - HHNK)'];Waterlopen, primair;;;;crs='EPSG:28992' layer='1' url='https://maps.hhnk.nl/arcgis/rest/services/ws/geoweb_ws_oppervlaktewateren/MapServer';arcgismapserver;os.path.join(HHNK_THREEDI_PLUGIN_DIR,'qgis_interaction','styling', 'test_protocol_v21');waterlopen,_primair.qml;;;;;;;;;;;True;;;;;;;;;;;;;;;;;;
test_protocol;['DAMO huidig (WMS - HHNK)'];Waterlopen, secundair, tertiair;;;;crs='EPSG:28992' layer='2' url='https://maps.hhnk.nl/arcgis/rest/services/ws/geoweb_ws_oppervlaktewateren/MapServer';arcgismapserver;os.path.join(HHNK_THREEDI_PLUGIN_DIR,'qgis_interaction','styling', 'test_protocol_v21');waterlopen,_secundair,_tertiair.qml;;;;;;;;;;;True;;;;;;;;;;;;;;;;;;
test_protocol;['Peilgebieden'];hydro_deelgebieden (hdb);layername=hydro_deelgebieden;folder.source_data.path;HDB.gdb;;vector;os.path.join(HHNK_THREEDI_PLUGIN_DIR,'qgis_interaction','styling', 'test_protocol_v21');hydro_deelgebieden_(hdb).qml;;;;;;;;;;True;;;;;;;;;;;;;;;;;;;
test_protocol;['Peilgebieden'];PeilafwijkingGebied (damo);layername=PeilafwijkingGebied;folder.source_data.path;DAMO.gdb;;vector;os.path.join(HHNK_THREEDI_PLUGIN_DIR,'qgis_interaction','styling', 'test_protocol_v21');peilafwijkinggebied_(damo).qml;;;;;;;;;;True;;;;;; ;;;;;;;;;;;;;
test_protocol;['Peilgebieden'];PeilgebiedPraktijk (damo);layername=PeilgebiedPraktijk;folder.source_data.path;DAMO.gdb;;vector;os.path.join(HHNK_THREEDI_PLUGIN_DIR,'qgis_interaction','styling', 'test_protocol_v21');peilgebiedpraktijk_(damo).qml;;True;True;True;True;True;True;True;;True;;;;;;;;;;;;;;;;;;;
test_protocol;['Peilgebieden'];PeilafwijkingGebied (damo huidig);;;;crs='EPSG:28992' layer='28' url='https://maps.hhnk.nl/arcgis/rest/services/ws/geoweb_ws_gebieden/MapServer';arcgismapserver;os.path.join(HHNK_THREEDI_PLUGIN_DIR,'qgis_interaction','styling', 'test_protocol_v21');peilafwijkinggebied_(damo_huidig).qml;;;;;;;;;;;;;;;;;;;;;;;;;;;;;
test_protocol;['Peilgebieden'];PeilgebiedPraktijk (damo huidig);;;;crs='EPSG:28992' layer='19' url='https://maps.hhnk.nl/arcgis/rest/services/ws/geoweb_ws_gebieden/MapServer';arcgismapserver;os.path.join(HHNK_THREEDI_PLUGIN_DIR,'qgis_interaction','styling', 'test_protocol_v21');peilgebiedpraktijk_(damo_huidig).qml;;;;;;;;;;;;;;;;;;;;;;;;;;;;;
test_protocol;['Peilgebieden'];Peilgebieden (datacheck);"layername=fixeddrainagelevelarea|subset=""code"" NOT LIKE ('%1000%')";folder.source_data.path;datachecker_output.gdb;;vector;os.path.join(HHNK_THREEDI_PLUGIN_DIR,'qgis_interaction','styling', 'test_protocol_v21');peilgebieden_(datacheck).qml;;;;;;;;;;True;;True;;;;;;;;;;;;;;;;;
test_protocol;['Peilgebieden'];polder_polygon;;folder.source_data.path;polder_polygon.shp;;vector;os.path.join(HHNK_THREEDI_PLUGIN_DIR,'qgis_interaction','styling', 'test_protocol_v21');polder_polygon.qml;;True;True;True;True;True;True;True;True;True;True;True;True;True;True;True;True;True;True;;;;;;;;;;
achtergrond;['Achtergrond'];Legger waterlopen 2020;;;;crs='EPSG:28992' layer='1' url='https://kaarten.hhnk.nl/arcgis/rest/services/od_legger/od_legger_wateren_2020_oppervlaktewateren_vg/MapServer';arcgismapserver;;;;;;;;;;;;;;;;;;;;;;;;;;;;;;;
achtergrond;['Achtergrond'];Landgebruik (v1801c);;;;contextualWMSLegend=0&crs=EPSG:28992&dpiMode=7&featureCount=10&format=image/png&layers=intern:nl:cover:fun-1801c&styles&url=https://demo.lizard.net/wms/public/?;wms;;;;;;;;;;;;;;;;;;;;;;;;;;;;;;;
achtergrond;['Achtergrond'];Luchtfoto actueel (PDOK);;;;tileMatrixSet=EPSG:28992&crs=EPSG:28992&layers=Actueel_ortho25&styles=default&format=image/jpeg&url=https://service.pdok.nl/hwh/luchtfotorgb/wmts/v1_0;wms;;;;;;;;;;;;;;;;;;;;;;;;;;;;;;;
test_1d2d;"[f""07. Testprotocol 1d2d tests [{revisions['1d2d_test']}]"",'Kaart 1: Debiet']";stroming_vooraf_droog;;folder.output.one_d_two_d[revision].path;stroming_1d2d_test.gpkg;;vector;os.path.join(HHNK_THREEDI_PLUGIN_DIR,'qgis_interaction','styling', 'one_d_two_d');flow_dry_category.qml;;;;;;;;True;;;;;;;;;;True;;;;;;;;;;;
test_1d2d;"[f""07. Testprotocol 1d2d tests [{revisions['1d2d_test']}]"",'Kaart 1: Debiet']";stroming_einde_piek;"subset=""content_type"" != '1d2d'";folder.output.one_d_two_d[revision].path;stroming_1d2d_test.gpkg;;vector;os.path.join(HHNK_THREEDI_PLUGIN_DIR,'qgis_interaction','styling', 'one_d_two_d');flow_amount.qml;;;;;;;;True;;;;;;;;;;;;;;;;;;;;;
test_1d2d;"[f""07. Testprotocol 1d2d tests [{revisions['1d2d_test']}]"",'Kaart 1: Debiet']";1d2d_stroming_einde_piek;"subset=""content_type"" = '1d2d'";folder.output.one_d_two_d[revision].path;stroming_1d2d_test.gpkg;;vector;os.path.join(HHNK_THREEDI_PLUGIN_DIR,'qgis_interaction','styling', 'one_d_two_d');flow_amount.qml;;;;;;;;True;;;;;;;;;;;;;;;;;;;;;
test_1d2d;"[f""07. Testprotocol 1d2d tests [{revisions['1d2d_test']}]"",'Kaart 2: Waterdiepte']";Waterdiepte_T1_uur;;folder.output.one_d_two_d[revision].path;waterdiepte_T1.tif;;raster;os.path.join(HHNK_THREEDI_PLUGIN_DIR,'qgis_interaction','styling', 'one_d_two_d');waterdepth.qml;;;;;;;;;True;;;;;;;;;;;;;;;;;;;;
test_1d2d;"[f""07. Testprotocol 1d2d tests [{revisions['1d2d_test']}]"",'Kaart 2: Waterdiepte']";Waterdiepte_T3_uur;;folder.output.one_d_two_d[revision].path;waterdiepte_T3.tif;;raster;os.path.join(HHNK_THREEDI_PLUGIN_DIR,'qgis_interaction','styling', 'one_d_two_d');waterdepth.qml;;;;;;;;;True;;;;;;;;;;;;;;;;;;;;
test_1d2d;"[f""07. Testprotocol 1d2d tests [{revisions['1d2d_test']}]"",'Kaart 2: Waterdiepte']";Waterdiepte_T15_uur;;folder.output.one_d_two_d[revision].path;waterdiepte_T15.tif;;raster;os.path.join(HHNK_THREEDI_PLUGIN_DIR,'qgis_interaction','styling', 'one_d_two_d');waterdepth.qml;;;;;;;;;True;;;;;;;;;;;;;;;;;;;;
test_1d2d;"[f""07. Testprotocol 1d2d tests [{revisions['1d2d_test']}]"",'Kaart 2: Waterstand']";Waterstand_T1_uur;;folder.output.one_d_two_d[revision].path;waterstand_T1.tif;;raster;os.path.join(HHNK_THREEDI_PLUGIN_DIR,'qgis_interaction','styling', 'one_d_two_d');waterlevel.qml;;;;;;;;;;;;;;;;;;;;;;;;;;;;;
test_1d2d;"[f""07. Testprotocol 1d2d tests [{revisions['1d2d_test']}]"",'Kaart 2: Waterstand']";Waterstand_T3_uur;;folder.output.one_d_two_d[revision].path;waterstand_T3.tif;;raster;os.path.join(HHNK_THREEDI_PLUGIN_DIR,'qgis_interaction','styling', 'one_d_two_d');waterlevel.qml;;;;;;;;;;;;;;;;;;;;;;;;;;;;;
test_1d2d;"[f""07. Testprotocol 1d2d tests [{revisions['1d2d_test']}]"",'Kaart 2: Waterstand']";Waterstand_T15_uur;;folder.output.one_d_two_d[revision].path;waterstand_T15.tif;;raster;os.path.join(HHNK_THREEDI_PLUGIN_DIR,'qgis_interaction','styling', 'one_d_two_d');waterlevel.qml;;;;;;;;;;;;;;;;;;;;;;;;;;;;;
test_1d2d;"[f""07. Testprotocol 1d2d tests [{revisions['1d2d_test']}]""]";grid_nodes_2d;;folder.output.one_d_two_d[revision].path;grid_nodes_2d.gpkg;;vector;os.path.join(HHNK_THREEDI_PLUGIN_DIR,'qgis_interaction','styling', 'one_d_two_d');grid_nodes_2d.qml;;;;;;;;;;;;;;;;;;;;;;;;;;;;;
test_0d1d;"[f""05. Hydraulische Toets en 0d1d tests[{revisions['0d1d_test']}]"",'Kaart 2: Uitzakking initieel peil']";waterstand_begin_regen_vs_begin_som;;folder.output.zero_d_one_d[revision].path;nodes_0d1d_test.gpkg;;vector;os.path.join(HHNK_THREEDI_PLUGIN_DIR,'qgis_interaction','styling', 'zero_d_one_d');waterlvl_start_rain_vs_start_sum.qml;;True;;;;;;;;;;;;;;;;;;;;;;;;;;;
test_0d1d;"[f""05. Hydraulische Toets en 0d1d tests[{revisions['0d1d_test']}]"",'Kaart 3: Streefpeilhandhaving']";waterstand_einde_regen_vs_begin_regen;;folder.output.zero_d_one_d[revision].path;nodes_0d1d_test.gpkg;;vector;os.path.join(HHNK_THREEDI_PLUGIN_DIR,'qgis_interaction','styling', 'zero_d_one_d');waterlvl_end_rain_vs_start_rain.qml;;;True;;;;;;;;;;;;;;;;;;;;;;;;;;
test_0d1d;"[f""05. Hydraulische Toets en 0d1d tests[{revisions['0d1d_test']}]"",'Kaart 5: Stabiele waterstandsverhoging einde regen']";waterstand_einde_regen_vs_1_dag_eerder;;folder.output.zero_d_one_d[revision].path;nodes_0d1d_test.gpkg;;vector;os.path.join(HHNK_THREEDI_PLUGIN_DIR,'qgis_interaction','styling', 'zero_d_one_d');waterlvl_end_rain_vs_end_rain_min_1.qml;;;;;True;;;;;;;;;;;;;;;;;;;;;;;;
test_0d1d;"[f""05. Hydraulische Toets en 0d1d tests[{revisions['0d1d_test']}]"",'Kaart 6: Herstel streefpeil']";waterstand_einde_som_vs_start_som;;folder.output.zero_d_one_d[revision].path;nodes_0d1d_test.gpkg;;vector;os.path.join(HHNK_THREEDI_PLUGIN_DIR,'qgis_interaction','styling', 'zero_d_one_d');waterlvl_end_sum_start_sum.qml;;;;;;True;;;;;;;;;;;;;;;;;;;;;;;
test_0d1d;"[f""05. Hydraulische Toets en 0d1d tests[{revisions['0d1d_test']}]"",'Kaart 1: Verhang kunstwerken']";hydraulische_toets_kunstwerken;;folder.output.zero_d_one_d[revision].path;hydraulische_toets_kunstwerken.gpkg;;vector;os.path.join(HHNK_THREEDI_PLUGIN_DIR,'qgis_interaction','styling', 'zero_d_one_d');hydraulische_toets_kunstwerken.qml;;;;True;;;;;;;;;;;;;;;;;;;;;;;;;
test_0d1d;"[f""05. Hydraulische Toets en 0d1d tests[{revisions['0d1d_test']}]"",'Kaart 1: Verhang kunstwerken']";hydraulische_toets_watergangen;;folder.output.zero_d_one_d[revision].path;hydraulische_toets_watergangen.gpkg;;vector;os.path.join(HHNK_THREEDI_PLUGIN_DIR,'qgis_interaction','styling', 'zero_d_one_d');hydraulische_toets_watergangen.qml;;;;True;;;;;;;;;;;;;;;;;;;;;;;;;
test_sqlite;['04. Testprotocol sqlite'];geisoleerde watergangen;;folder.output.sqlite_tests.path;geisoleerde_watergangen.gpkg;;vector;os.path.join(HHNK_THREEDI_PLUGIN_DIR,'qgis_interaction','styling', 'sqlite_test');isolated_channels.qml;;;;;;;;;;;;;;;;;;;;;;;;;;;;;
test_sqlite;['04. Testprotocol sqlite'];gestuurde_kunstwerken;;folder.output.sqlite_tests.path;gestuurde_kunstwerken.gpkg;;vector;os.path.join(HHNK_THREEDI_PLUGIN_DIR,'qgis_interaction','styling', 'sqlite_test');controlled_structs.qml;;;;;;;;;;;;;;;;;;;;;;;;;;;;;
test_sqlite;['04. Testprotocol sqlite'];bodemhoogte_kunstwerken;;folder.output.sqlite_tests.path;bodemhoogte_kunstwerken.gpkg;;vector;os.path.join(HHNK_THREEDI_PLUGIN_DIR,'qgis_interaction','styling', 'sqlite_test');;;;;;;;;;;;;;;;;;;;;;;;;;;;;;
test_sqlite;['04. Testprotocol sqlite'];bodemhoogte_stuw;;folder.output.sqlite_tests.path;bodemhoogte_stuw.gpkg;;vector;os.path.join(HHNK_THREEDI_PLUGIN_DIR,'qgis_interaction','styling', 'sqlite_test');weir_height.qml;;;;;;;;;;;;;;;;;;;;;;;;;;;;;
test_sqlite;['04. Testprotocol sqlite','Gebruikte profielen'];watergangen_breedte;;folder.output.sqlite_tests.path;gebruikte_profielen.gpkg;;vector;os.path.join(HHNK_THREEDI_PLUGIN_DIR,'qgis_interaction','styling', 'sqlite_test');channel_width.qml;;;;;;;;;;;;;;;;;;;;;;;;;;;;;
test_sqlite;['04. Testprotocol sqlite','Gebruikte profielen'];watergangen_diepte;;folder.output.sqlite_tests.path;gebruikte_profielen.gpkg;;vector;os.path.join(HHNK_THREEDI_PLUGIN_DIR,'qgis_interaction','styling', 'sqlite_test');channel_depth.qml;;;;;;;;;;;;;;;;;;;;;;;;;;;;;
test_sqlite;['04. Testprotocol sqlite'];ontwateringsdiepte;;folder.output.sqlite_tests.path;drooglegging.tif;;raster;os.path.join(HHNK_THREEDI_PLUGIN_DIR,'qgis_interaction','styling', 'sqlite_test');dewatering_depth.qml;;;;;;;;;;;;;;;;True;;;;;;;;;;;;;
test_sqlite;['04. Testprotocol sqlite','Areaal waterberging op streefpeil'];DAMO Waterdeel;layername=Waterdeel;folder.source_data.path;DAMO.gdb;;vector;os.path.join(HHNK_THREEDI_PLUGIN_DIR,'qgis_interaction','styling', 'sqlite_test');;;;;;;;;;;;;;;;;;;;;;;;;;;;;;
test_sqlite;['04. Testprotocol sqlite','Areaal waterberging op streefpeil'];Channel surface from modelbuilder;;folder.source_data.modelbuilder.path;channel_surface_from_profiles.shp;;vector;os.path.join(HHNK_THREEDI_PLUGIN_DIR,'qgis_interaction','styling', 'sqlite_test');;;;;;;;;;;;;;;;;;;;;;;;;;;;;;
test_sqlite;['04. Testprotocol sqlite','Areaal waterberging op streefpeil'];Verschil oppervlaktewater;;folder.output.sqlite_tests.path;1d2d_B_channel_surface_per_peilgebied.csv;;vector;os.path.join(HHNK_THREEDI_PLUGIN_DIR,'qgis_interaction','styling', 'sqlite_test');watersurface_area.qml;;;;;;;;;;;;;;;;;True;;;;;;;;;;;;
klimaatsommen;"[f""Klimaatsommen [{revisions['klimaatsommen']}]"", ""Resultaat klimaatsommen""]";ruimtekaart;;folder.threedi_results.climate_results[revisions['klimaatsommen']].output.path;ruimtekaart.shp;;vector;os.path.join(HHNK_THREEDI_PLUGIN_DIR,'qgis_interaction','styling', 'klimaatsommen');ruimtekaart.qml;;;;;;;;;;;;;;;;;;;;;;True;;;;;;;
klimaatsommen;"[f""Klimaatsommen [{revisions['klimaatsommen']}]"", ""Resultaat klimaatsommen""]";peilgebieden;;folder.source_data.peilgebieden.path;peilgebieden.shp;;vector;os.path.join(HHNK_THREEDI_PLUGIN_DIR,'qgis_interaction','styling', 'klimaatsommen');peilgebieden.qml;;;;;;;;;;;;;;;;;;;;;;;;;;;;;
klimaatsommen;"[f""Klimaatsommen [{revisions['klimaatsommen']}]"", ""Resultaat klimaatsommen""]";geen_schade;;folder.source_data.peilgebieden.path;geen_schade.shp;;vector;os.path.join(HHNK_THREEDI_PLUGIN_DIR,'qgis_interaction','styling', 'klimaatsommen');geen_schade.qml;;;;;;;;;;;;;;;;;;;;;;;;;;;;;
klimaatsommen;"[f""Klimaatsommen [{revisions['klimaatsommen']}]"", ""Inundatievlakkenkaart""]";inundatievlak_T0010;;folder.threedi_results.climate_results[revisions['klimaatsommen']].output.path;inundatiediepte_T0010.tif;;raster;os.path.join(HHNK_THREEDI_PLUGIN_DIR,'qgis_interaction','styling', 'klimaatsommen');inundatiediepte_T0010.qml;;;;;;;;;;;;;;;;;;;True;;;;;;;;;;
klimaatsommen;"[f""Klimaatsommen [{revisions['klimaatsommen']}]"", ""Inundatievlakkenkaart""]";inundatievlak_T0100;;folder.threedi_results.climate_results[revisions['klimaatsommen']].output.path;inundatiediepte_T0100.tif;;raster;os.path.join(HHNK_THREEDI_PLUGIN_DIR,'qgis_interaction','styling', 'klimaatsommen');inundatiediepte_T0100.qml;;;;;;;;;;;;;;;;;;;True;;;;;;;;;;
klimaatsommen;"[f""Klimaatsommen [{revisions['klimaatsommen']}]"", ""Inundatievlakkenkaart""]";inundatievlak_T1000;;folder.threedi_results.climate_results[revisions['klimaatsommen']].output.path;inundatiediepte_T1000.tif;;raster;os.path.join(HHNK_THREEDI_PLUGIN_DIR,'qgis_interaction','styling', 'klimaatsommen');inundatiediepte_T1000.qml;;;;;;;;;;;;;;;;;;;True;;;;;;;;;;
klimaatsommen;"[f""Klimaatsommen [{revisions['klimaatsommen']}]"", ""Inundatievlakkenkaart_plas""]";inundatievlak_T0010_plas;;folder.threedi_results.climate_results[revisions['klimaatsommen']].output.path;inundatiediepte_T0010_plas.tif;;raster;os.path.join(HHNK_THREEDI_PLUGIN_DIR,'qgis_interaction','styling', 'klimaatsommen');inundatiediepte_T0010.qml;;;;;;;;;;;;;;;;;;;;;;;;;;;;;
klimaatsommen;"[f""Klimaatsommen [{revisions['klimaatsommen']}]"", ""Inundatievlakkenkaart_plas""]";inundatievlak_T0100_plas;;folder.threedi_results.climate_results[revisions['klimaatsommen']].output.path;inundatiediepte_T0100_plas.tif;;raster;os.path.join(HHNK_THREEDI_PLUGIN_DIR,'qgis_interaction','styling', 'klimaatsommen');inundatiediepte_T0100.qml;;;;;;;;;;;;;;;;;;;;;;;;;;;;;
klimaatsommen;"[f""Klimaatsommen [{revisions['klimaatsommen']}]"", ""Inundatievlakkenkaart_plas""]";inundatievlak_T1000_plas;;folder.threedi_results.climate_results[revisions['klimaatsommen']].output.path;inundatiediepte_T1000_plas.tif;;raster;os.path.join(HHNK_THREEDI_PLUGIN_DIR,'qgis_interaction','styling', 'klimaatsommen');inundatiediepte_T1000.qml;;;;;;;;;;;;;;;;;;;;;;;;;;;;;
klimaatsommen;"[f""Klimaatsommen [{revisions['klimaatsommen']}]"", ""Inundatievlakkenkaart_overlast""]";inundatievlak_T0010_overlast;;folder.threedi_results.climate_results[revisions['klimaatsommen']].output.path;inundatiediepte_T0010_overlast.tif;;raster;os.path.join(HHNK_THREEDI_PLUGIN_DIR,'qgis_interaction','styling', 'klimaatsommen');inundatiediepte_T0010.qml;;;;;;;;;;;;;;;;;;;;;;;;;;;;;
klimaatsommen;"[f""Klimaatsommen [{revisions['klimaatsommen']}]"", ""Inundatievlakkenkaart_overlast""]";inundatievlak_T0100_overlast;;folder.threedi_results.climate_results[revisions['klimaatsommen']].output.path;inundatiediepte_T0100_overlast.tif;;raster;os.path.join(HHNK_THREEDI_PLUGIN_DIR,'qgis_interaction','styling', 'klimaatsommen');inundatiediepte_T0100.qml;;;;;;;;;;;;;;;;;;;;;;;;;;;;;
klimaatsommen;"[f""Klimaatsommen [{revisions['klimaatsommen']}]"", ""Inundatievlakkenkaart_overlast""]";inundatievlak_T1000_overlast;;folder.threedi_results.climate_results[revisions['klimaatsommen']].output.path;inundatiediepte_T1000_overlast.tif;;raster;os.path.join(HHNK_THREEDI_PLUGIN_DIR,'qgis_interaction','styling', 'klimaatsommen');inundatiediepte_T1000.qml;;;;;;;;;;;;;;;;;;;;;;;;;;;;;
klimaatsommen;"[f""Klimaatsommen [{revisions['klimaatsommen']}]"", ""Inundatiedieptekaart""]";inundatiediepte_T0010;;folder.threedi_results.climate_results[revisions['klimaatsommen']].output.path;inundatiediepte_T0010.tif;;raster;os.path.join(HHNK_THREEDI_PLUGIN_DIR,'qgis_interaction','styling', 'klimaatsommen');inundatiediepte_T0010.qml;;;;;;;;;;;;;;;;;;;;;;;;;;;;;
klimaatsommen;"[f""Klimaatsommen [{revisions['klimaatsommen']}]"", ""Inundatiedieptekaart""]";inundatiediepte_T0100;;folder.threedi_results.climate_results[revisions['klimaatsommen']].output.path;inundatiediepte_T0100.tif;;raster;os.path.join(HHNK_THREEDI_PLUGIN_DIR,'qgis_interaction','styling', 'klimaatsommen');inundatiediepte_T0100.qml;;;;;;;;;;;;;;;;;;;;;;;;;;;;;
klimaatsommen;"[f""Klimaatsommen [{revisions['klimaatsommen']}]"", ""Inundatiedieptekaart""]";inundatiediepte_T1000;;folder.threedi_results.climate_results[revisions['klimaatsommen']].output.path;inundatiediepte_T1000.tif;;raster;os.path.join(HHNK_THREEDI_PLUGIN_DIR,'qgis_interaction','styling', 'klimaatsommen');inundatiediepte_T1000.qml;;;;;;;;;;;;;;;;;;;;;;;;;;;;;
klimaatsommen;"[f""Klimaatsommen [{revisions['klimaatsommen']}]"", ""Inundatiedieptekaart_plas""]";inundatiediepte_T0010_plas;;folder.threedi_results.climate_results[revisions['klimaatsommen']].output.path;inundatiediepte_T0010_plas.tif;;raster;os.path.join(HHNK_THREEDI_PLUGIN_DIR,'qgis_interaction','styling', 'klimaatsommen');inundatiediepte_T0010_plas.qml;;;;;;;;;;;;;;;;;;;;True;;;;;;;;;
klimaatsommen;"[f""Klimaatsommen [{revisions['klimaatsommen']}]"", ""Inundatiedieptekaart_plas""]";inundatiediepte_T0100_plas;;folder.threedi_results.climate_results[revisions['klimaatsommen']].output.path;inundatiediepte_T0100_plas.tif;;raster;os.path.join(HHNK_THREEDI_PLUGIN_DIR,'qgis_interaction','styling', 'klimaatsommen');inundatiediepte_T0100_plas.qml;;;;;;;;;;;;;;;;;;;;True;;;;;;;;;
klimaatsommen;"[f""Klimaatsommen [{revisions['klimaatsommen']}]"", ""Inundatiedieptekaart_plas""]";inundatiediepte_T1000_plas;;folder.threedi_results.climate_results[revisions['klimaatsommen']].output.path;inundatiediepte_T1000_plas.tif;;raster;os.path.join(HHNK_THREEDI_PLUGIN_DIR,'qgis_interaction','styling', 'klimaatsommen');inundatiediepte_T1000_plas.qml;;;;;;;;;;;;;;;;;;;;True;;;;;;;;;
klimaatsommen;"[f""Klimaatsommen [{revisions['klimaatsommen']}]"", ""Inundatiedieptekaart_overlast""]";inundatiediepte_T0010_overlast;;folder.threedi_results.climate_results[revisions['klimaatsommen']].output.path;inundatiediepte_T0010_overlast.tif;;raster;os.path.join(HHNK_THREEDI_PLUGIN_DIR,'qgis_interaction','styling', 'klimaatsommen');inundatiediepte_T0010_overlast.qml;;;;;;;;;;;;;;;;;;;;;True;;;;;;;;
klimaatsommen;"[f""Klimaatsommen [{revisions['klimaatsommen']}]"", ""Inundatiedieptekaart_overlast""]";inundatiediepte_T0100_overlast;;folder.threedi_results.climate_results[revisions['klimaatsommen']].output.path;inundatiediepte_T0100_overlast.tif;;raster;os.path.join(HHNK_THREEDI_PLUGIN_DIR,'qgis_interaction','styling', 'klimaatsommen');inundatiediepte_T0100_overlast.qml;;;;;;;;;;;;;;;;;;;;;True;;;;;;;;
klimaatsommen;"[f""Klimaatsommen [{revisions['klimaatsommen']}]"", ""Inundatiedieptekaart_overlast""]";inundatiediepte_T1000_overlast;;folder.threedi_results.climate_results[revisions['klimaatsommen']].output.path;inundatiediepte_T1000_overlast.tif;;raster;os.path.join(HHNK_THREEDI_PLUGIN_DIR,'qgis_interaction','styling', 'klimaatsommen');inundatiediepte_T1000_overlast.qml;;;;;;;;;;;;;;;;;;;;;True;;;;;;;;
klimaatsommen;"[f""Klimaatsommen [{revisions['klimaatsommen']}]"", ""Schadekaarten""]";schade_per_peilgebied;;folder.threedi_results.climate_results[revisions['klimaatsommen']].output.path;schade_per_peilgebied.shp;;vector;os.path.join(HHNK_THREEDI_PLUGIN_DIR,'qgis_interaction','styling', 'klimaatsommen');schade_per_peilgebied.qml;;;;;;;;;;;;;;;;;;;;;;;;True;;;;;
klimaatsommen;"[f""Klimaatsommen [{revisions['klimaatsommen']}]"", ""Schadekaarten""]";schade_per_peilgebied_plas;;folder.threedi_results.climate_results[revisions['klimaatsommen']].output.path;schade_per_peilgebied.shp;;vector;os.path.join(HHNK_THREEDI_PLUGIN_DIR,'qgis_interaction','styling', 'klimaatsommen');schade_per_peilgebied_plas.qml;;;;;;;;;;;;;;;;;;;;;;;;;True;;;;
klimaatsommen;"[f""Klimaatsommen [{revisions['klimaatsommen']}]"", ""Schadekaarten""]";schade_per_peilgebied_overlast;;folder.threedi_results.climate_results[revisions['klimaatsommen']].output.path;schade_per_peilgebied.shp;;vector;os.path.join(HHNK_THREEDI_PLUGIN_DIR,'qgis_interaction','styling', 'klimaatsommen');schade_per_peilgebied_overlast.qml;;;;;;;;;;;;;;;;;;;;;;;;;;True;;;
klimaatsommen;"[f""Klimaatsommen [{revisions['klimaatsommen']}]"", ""Schadekaarten""]";cw_schade_overlast;;folder.threedi_results.climate_results[revisions['klimaatsommen']].output.path;cw_schade_overlast.tif;;raster;os.path.join(HHNK_THREEDI_PLUGIN_DIR,'qgis_interaction','styling', 'klimaatsommen');cw_schade_overlast.qml;;;;;;;;;;;;;;;;;;;;;;;;;;;;True;
klimaatsommen;"[f""Klimaatsommen [{revisions['klimaatsommen']}]"", ""Schadekaarten""]";cw_schade_plas;;folder.threedi_results.climate_results[revisions['klimaatsommen']].output.path;cw_schade_plas.tif;;raster;os.path.join(HHNK_THREEDI_PLUGIN_DIR,'qgis_interaction','styling', 'klimaatsommen');cw_schade_plas.qml;;;;;;;;;;;;;;;;;;;;;;;;;;;;;True
klimaatsommen;"[f""Klimaatsommen [{revisions['klimaatsommen']}]"", ""Schade correctie""]";schade_per_peilgebied_correctie;;folder.threedi_results.climate_results[revisions['klimaatsommen']].output.path;schade_per_peilgebied_correctie.shp;;vector;os.path.join(HHNK_THREEDI_PLUGIN_DIR,'qgis_interaction','styling', 'klimaatsommen');schade_per_peilgebied_correctie.qml;;;;;;;;;;;;;;;;;;;;;;;;;;;True;;True
klimaatsommen;"[f""Klimaatsommen [{revisions['klimaatsommen']}]"", ""Schade correctie""]";schade_per_peilgebied_plas_correctie;;folder.threedi_results.climate_results[revisions['klimaatsommen']].output.path;schade_per_peilgebied_correctie.shp;;vector;os.path.join(HHNK_THREEDI_PLUGIN_DIR,'qgis_interaction','styling', 'klimaatsommen');schade_per_peilgebied_plas_correctie.qml;;;;;;;;;;;;;;;;;;;;;;;;;;;True;True;
klimaatsommen;"[f""Klimaatsommen [{revisions['klimaatsommen']}]"", ""Schade correctie""]";schade_per_peilgebied_overlast_correctie;;folder.threedi_results.climate_results[revisions['klimaatsommen']].output.path;schade_per_peilgebied_correctie.shp;;vector;os.path.join(HHNK_THREEDI_PLUGIN_DIR,'qgis_interaction','styling', 'klimaatsommen');schade_per_peilgebied_overlast_correctie.qml;;;;;;;;;;;;;;;;;;;;;;;;;;;;;
klimaatsommen;"[f""Klimaatsommen [{revisions['klimaatsommen']}]"", ""Schade correctie""]";cw_schade_overlast_correctie;;folder.threedi_results.climate_results[revisions['klimaatsommen']].output.path;cw_schade_overlast_correctie.tif;;raster;os.path.join(HHNK_THREEDI_PLUGIN_DIR,'qgis_interaction','styling', 'klimaatsommen');cw_schade_overlast_correctie.qml;;;;;;;;;;;;;;;;;;;;;;;;;;;;;
klimaatsommen;"[f""Klimaatsommen [{revisions['klimaatsommen']}]"", ""Schade correctie""]";cw_schade_plas_correctie;;folder.threedi_results.climate_results[revisions['klimaatsommen']].output.path;cw_schade_plas_correctie.tif;;raster;os.path.join(HHNK_THREEDI_PLUGIN_DIR,'qgis_interaction','styling', 'klimaatsommen');cw_schade_plas_correctie.qml;;;;;;;;;;;;;;;;;;;;;;;;;;;;;
test_banklevels;['03. Bankleveltest'];Stroming 1d2d flowlines;;folder.output.bank_levels.path;stroming_1d2d_flowlines.gpkg;;vector;os.path.join(HHNK_THREEDI_PLUGIN_DIR,'qgis_interaction','styling', 'bank_levels');stroming_1d2d_flowlines.qml;;;;;;;;;;;;;;;;;;;;;;;;;;;;;
test_banklevels;['03. Bankleveltest'];Stroming 1d2d cross sections;;folder.output.bank_levels.path;stroming_1d2d_cross_sections.gpkg;;vector;os.path.join(HHNK_THREEDI_PLUGIN_DIR,'qgis_interaction','styling', 'bank_levels');stroming_1d2d_cross_sections.qml;;;;;;;;;;;;;;;;;;;;;;;;;;;;;
test_banklevels;['03. Bankleveltest'];Stroming 1d2d watergangen;;folder.output.bank_levels.path;stroming_1d2d_watergangen.gpkg;;vector;os.path.join(HHNK_THREEDI_PLUGIN_DIR,'qgis_interaction','styling', 'bank_levels');stroming_1d2d_watergangen.qml;;;;;;;;;;;;;;;;;;;;;;;;;;;;;
rasters;['Rasters'];DEM;;folder.02_Model.rasters.path;dem.tif;;raster;os.path.join(HHNK_THREEDI_PLUGIN_DIR,'qgis_interaction','styling', 'test_protocol_v21');dem.qml;;;;;;;;;;;;;;;;;;;;;;;;;;;;;
rasters;['Rasters'];Friction;;folder.02_Model.rasters.path;friction.tif;;raster;os.path.join(HHNK_THREEDI_PLUGIN_DIR,'qgis_interaction','styling', 'test_protocol_v21');friction.qml;;;;;;;;;;;;;;;;;;;;;;;;;;;;;
grid;['Calculation Grid'];Cells;;folder.output.sqlite_tests.path;cells.gpkg;;vector;os.path.join(HHNK_THREEDI_PLUGIN_DIR,'qgis_interaction','styling', 'grid');cells.qml;;;;;;;;;;;;;;;;;;;;;;;;;;;;;
grid;['Calculation Grid'];Nodes;;folder.output.sqlite_tests.path;nodes.gpkg;;vector;os.path.join(HHNK_THREEDI_PLUGIN_DIR,'qgis_interaction','styling', 'grid');nodes.qml;;;;;;;;;;;;;;;;;;;;;;;;;;;;;
grid;['Calculation Grid'];Lines;;folder.output.sqlite_tests.path;lines.gpkg;;vector;os.path.join(HHNK_THREEDI_PLUGIN_DIR,'qgis_interaction','styling', 'grid');lines.qml;;;;;;;;;;;;;;;;;;;;;;;;;;;;;
